,period,price,number
0,20231008388,14784,4
1,20231008387,14791,1
2,20231008386,14807,7
3,20231008385,14778,8
4,20231008384,14785,5
5,20231008383,14779,9
6,20231008382,14742,2
7,20231008381,14722,2
8,20231008380,14746,6
9,20231008379,14756,6
10,20231008388,14784,4
11,20231008387,14791,1
12,20231008386,14807,7
13,20231008385,14778,8
14,20231008384,14785,5
15,20231008383,14779,9
16,20231008382,14742,2
17,20231008381,14722,2
18,20231008380,14698,8
19,20231008369,14689,9
20,20231008378,14722,2
21,20231008377,14721,1
22,20231008376,14724,4
23,20231008375,14723,3
24,20231008364,14724,4
25,20231008363,14732,2
26,20231008362,14757,7
27,20231008361,14771,1
28,20231008360,14797,7
29,20231008359,14764,4
30,20231008368,14714,4
31,20231008367,14710,0
32,20231008366,14721,1
33,20231008365,14749,9
34,20231008354,14831,1
35,20231008353,14843,3
36,20231008352,14867,7
37,20231008351,14846,6
38,20231008350,14877,7
39,20231008349,14896,6
40,20231008358,14789,9
41,20231008357,14791,1
42,20231008356,14810,0
43,20231008355,14821,1
44,20231008344,14904,4
45,20231008343,14908,8
46,20231008342,14923,3
47,20231008341,14927,7
48,20231008340,14945,5
49,20231008339,14928,8
50,20231008348,14886,6
51,20231008347,14891,1
52,20231008346,14904,4
53,20231008345,14921,1
54,20231008344,14879,9
55,20231008333,14866,6
56,20231008332,14866,6
57,20231008331,14866,6
58,20231008330,14856,6
59,20231008329,14882,2
60,20231008338,14902,2
61,20231008337,14897,7
62,20231008336,14884,4
63,20231008335,14883,3
64,20231008334,14822,2
65,20231008323,14849,9
66,20231008322,14853,3
67,20231008321,14862,2
68,20231008320,14862,2
69,20231008319,14852,2
70,20231008328,14862,2
71,20231008327,14848,8
72,20231008326,14830,0
73,20231008325,14849,9
74,20231008324,14822,2
75,20231008323,14849,9
76,20231008322,14853,3
77,20231008321,14862,2
78,20231008320,14862,2
79,20231008319,14852,2
80,20231008328,14862,2
81,20231008327,14848,8
82,20231008326,14830,0
83,20231008325,14849,9
84,20231008314,14837,7
85,20231008313,14869,9
86,20231008312,14795,5
87,20231008301,14798,8
88,20231008300,14819,9
89,20231008299,14787,7
90,20231008308,14828,8
91,20231008307,14807,7
92,20231008306,14791,1
93,20231008305,14802,2
94,20231008304,14802,1
95,20231008293,14833,3
96,20231008292,14832,2
97,20231008291,14856,6
98,20231008290,14859,9
99,20231008289,14837,7
100,20231008298,14806,6
101,20231008297,14804,4
102,20231008296,14823,3
103,20231008295,14836,6
104,20231008294,14811,1
105,20231008283,14881,1
106,20231008282,14879,9
107,20231008281,14856,6
108,20231008280,14859,9
109,20231008279,14889,9
110,20231008288,14853,3
111,20231008287,14842,2
112,20231008286,14868,8
113,20231008285,14874,4
114,20231008284,14873,3
115,20231008283,14881,1
116,20231008282,14879,9
117,20231008281,14856,6
118,20231008280,14859,9
119,20231008279,14889,9
120,20231008288,14853,3
121,20231008287,14842,2
122,20231008286,14868,8
123,20231008285,14874,4
124,20231008284,14873,3
125,20231008263,14855,5
126,20231008262,14864,4
127,20231008261,14877,7
128,20231008260,14875,5
129,20231008259,14854,4
130,20231008268,14843,3
131,20231008267,14841,1
132,20231008266,14867,7
133,20231008275,14840,0
134,20231008274,14857,7
135,20231008253,14826,6
136,20231008252,14832,2
137,20231008251,14840,0
138,20231008250,14834,4
139,20231008249,14808,8
140,20231008258,14831,1
141,20231008257,14841,1
142,20231008256,14827,7
143,20231008255,14795,1
144,20231008244,14833,3
145,20231008243,14851,1
146,20231008242,14852,2
147,20231008241,14868,8
148,20231008240,14886,6
149,20231008239,14863,3
150,20231008248,14803,3
151,20231008247,14808,8
152,20231008246,14826,6
153,20231008245,14831,1
154,20231008234,14883,3
155,20231008233,14914,4
156,20231008232,14933,3
157,20231008231,14932,2
158,20231008230,14941,1
159,20231008229,14969,9
160,20231008238,14840,0
161,20231008237,14834,4
162,20231008236,14840,0
163,20231008235,14859,9
164,20231008234,14883,3
165,20231008233,14914,4
166,20231008232,14933,3
167,20231008231,14932,2
168,20231008230,14941,1
169,20231008219,14940,0
170,20231008228,14936,6
171,20231008227,14934,4
172,20231008226,14919,9
173,20231008225,14948,8
174,20231008224,14938,1
175,20231008213,14989,9
176,20231008212,14984,4
177,20231008211,14989,9
178,20231008210,15015,5
179,20231008209,15004,4
180,20231008218,14939,9
181,20231008217,14926,6
182,20231008216,14928,8
183,20231008215,14949,9
184,20231008204,14988,8
185,20231008203,15016,6
186,20231008202,15036,6
187,20231008201,15067,7
188,20231008200,15058,8
189,20231008199,15047,7
190,20231008208,15006,6
191,20231008207,15026,6
192,20231008206,14994,4
193,20231008205,15007,7
194,20231008194,15041,1
195,20231008193,15053,3
196,20231008192,15052,2
197,20231008191,15033,3
198,20231008190,15051,1
199,20231008189,15044,4
200,20231008198,15071,1
201,20231008197,15076,6
202,20231008196,15053,3
203,20231008195,15041,1
204,20231008184,15039,9
205,20231008183,15043,3
206,20231008182,15075,5
207,20231008181,15071,1
208,20231008180,15092,2
209,20231008179,15094,4
210,20231008188,15026,6
211,20231008187,15031,1
212,20231008186,15037,7
213,20231008185,15022,2
214,20231008174,15150,0
215,20231008173,15168,8
216,20231008172,15184,4
217,20231008171,15208,8
218,20231008170,15224,4
219,20231008169,15244,4
220,20231008178,15129,9
221,20231008177,15137,7
222,20231008176,15147,7
223,20231008175,15172,2
224,20231008174,15150,0
225,20231008173,15168,8
226,20231008172,15184,4
227,20231008171,15208,8
228,20231008170,15224,4
229,20231008159,15192,2
230,20231008168,15228,8
231,20231008167,15246,6
232,20231008166,15228,8
233,20231008165,15219,9
234,20231008164,15223,3
235,20231008163,15224,4
236,20231008162,15208,8
237,20231008161,15219,9
238,20231008150,15103,3
239,20231008149,15102,2
240,20231008158,15193,3
241,20231008157,15173,3
242,20231008156,15163,3
243,20231008155,15133,3
244,20231008144,15098,8
245,20231008143,15089,9
246,20231008142,15094,4
247,20231008141,15103,3
248,20231008140,15107,7
249,20231008139,15088,8
250,20231008148,15109,9
251,20231008147,15126,6
252,20231008146,15109,9
253,20231008145,15123,3
254,20231008144,15051,1
255,20231008133,15037,7
256,20231008132,15051,1
257,20231008131,15033,3
258,20231008130,15003,3
259,20231008129,15012,2
260,20231008138,15052,2
261,20231008137,15051,1
262,20231008136,15040,0
263,20231008135,15039,9
264,20231008124,14992,2
265,20231008123,15009,9
266,20231008122,14982,2
267,20231008121,15009,9
268,20231008120,15014,4
269,20231008119,15011,1
270,20231008128,15036,6
271,20231008127,15029,9
272,20231008126,15037,7
273,20231008125,15014,4
274,20231008124,14992,2
275,20231008123,15009,9
276,20231008122,14982,2
277,20231008121,15009,9
278,20231008120,15014,4
279,20231008119,15011,1
280,20231008128,15036,6
281,20231008127,15029,9
282,20231008126,15037,7
283,20231008125,15014,4
284,20231008124,15007,7
285,20231008103,15019,9
286,20231008102,14993,3
287,20231008101,15004,4
288,20231008100,14994,4
289,20231008099,14984,4
290,20231008108,15010,0
291,20231008107,15021,1
292,20231008106,15007,7
293,20231008105,15028,8
294,20231008114,15004,4
295,20231008113,15016,6
296,20231008112,15027,7
297,20231008091,14996,6
298,20231008090,14998,8
299,20231008089,14964,4
300,20231008098,15001,1
301,20231008097,14982,2
302,20231008096,14978,8
303,20231008095,14999,9
304,20231008084,14927,7
305,20231008083,14934,4
306,20231008082,14952,2
307,20231008081,14948,8
308,20231008080,14968,8
309,20231008079,14962,2
310,20231008088,14977,7
311,20231008087,14958,8
312,20231008086,14948,8
313,20231008085,14936,6
314,20231008084,14927,7
315,20231008083,14934,4
316,20231008082,14952,2
317,20231008081,14948,8
318,20231008070,14953,3
319,20231008069,14968,8
320,20231008078,14985,5
321,20231008077,14972,2
322,20231008076,14979,9
323,20231008075,14986,6
324,20231008064,14892,2
325,20231008063,14919,9
326,20231008062,14947,7
327,20231008061,14958,8
328,20231008060,14988,8
329,20231008059,14966,6
330,20231008068,14931,1
331,20231008067,14912,2
332,20231008066,14898,8
333,20231008065,14909,9
334,20231008064,14892,2
335,20231008053,14944,4
336,20231008052,14944,4
337,20231008051,14973,3
338,20231008050,14982,2
339,20231008049,14995,5
340,20231008058,14946,6
341,20231008057,14950,0
342,20231008056,14968,8
343,20231008055,14940,0
344,20231008044,15007,7
345,20231008043,15012,2
346,20231008042,15029,9
347,20231008041,14992,2
348,20231008040,14996,6
349,20231008039,14987,7
350,20231008048,15003,3
351,20231008047,15019,9
352,20231008046,15026,6
353,20231008045,15037,7
354,20231008044,15007,7
355,20231008043,15012,2
356,20231008042,15029,9
357,20231008041,14992,2
358,20231008040,14996,6
359,20231008039,14987,7
360,20231008038,14971,1
361,20231008037,14983,3
362,20231008036,14983,3
363,20231008035,14993,3
364,20231008034,14987,7
365,20231008033,15014,4
366,20231008032,15032,2
367,20231008031,15023,3
368,20231008030,15014,4
369,20231008029,15040,0
370,20231008038,14971,1
371,20231008037,14983,3
372,20231008036,14983,3
373,20231008035,14993,3
374,20231008014,15064,4
375,20231008013,15072,2
376,20231008012,15052,2
377,20231008011,15063,3
378,20231008010,15046,6
379,20231008009,15059,9
380,20231008028,15039,9
381,20231008027,15024,4
382,20231008026,15006,6
383,20231008025,14988,8
384,20231008004,15010,0
385,20231008003,15003,3
386,20231008002,15003,3
387,20231008001,15016,6
388,20231007480,14977,7
389,20231007479,15005,5
390,20231008008,15020,0
391,20231008007,15037,7
392,20231008006,15002,2
393,20231008005,15009,9
394,20231007474,15004,4
395,20231007473,15002,2
396,20231007472,15019,9
397,20231007471,14982,2
398,20231007470,14971,1
399,20231007469,14977,7
400,20231007478,15009,9
401,20231007477,14999,9
402,20231007476,14987,7
403,20231007475,15006,6
404,20231007474,15004,4
405,20231007473,15002,2
406,20231007472,15019,9
407,20231007471,14982,2
408,20231007470,14971,1
409,20231007469,14977,7
410,20231007478,15009,9
411,20231007477,14999,9
412,20231007476,14987,7
413,20231007475,15006,6
414,20231007454,14998,8
415,20231007453,15006,6
416,20231007452,15020,0
417,20231007461,15002,2
418,20231007460,15026,6
419,20231007459,15057,7
420,20231007468,14979,9
421,20231007467,14947,7
422,20231007466,14947,7
423,20231007465,14961,1
424,20231007444,14968,8
425,20231007443,14972,2
426,20231007442,14976,6
427,20231007441,15004,4
428,20231007440,15008,8
429,20231007439,15017,7
430,20231007448,14957,7
431,20231007447,14968,8
432,20231007446,14984,4
433,20231007445,14964,4
434,20231007444,14968,8
435,20231007443,14972,2
436,20231007442,14976,6
437,20231007441,15004,4
438,20231007440,15008,8
439,20231007439,15017,7
440,20231007448,14957,7
441,20231007447,14968,8
442,20231007446,14984,4
443,20231007445,14964,4
444,20231007444,14968,8
445,20231007443,14972,2
446,20231007442,14976,6
447,20231007441,15004,4
448,20231007440,15008,8
449,20231007439,14983,3
450,20231007438,14983,3
451,20231007427,14989,9
452,20231007426,14962,2
453,20231007425,14966,6
454,20231007424,14941,1
455,20231007413,14963,3
456,20231007412,14943,3
457,20231007411,14943,3
458,20231007410,14946,6
459,20231007409,14951,1
460,20231007418,14999,9
461,20231007417,14967,7
462,20231007416,14972,2
463,20231007415,14959,9
464,20231007414,14941,1
465,20231007413,14963,3
466,20231007412,14943,3
467,20231007411,14943,3
468,20231007410,14946,6
469,20231007409,14951,1
470,20231007418,14999,9
471,20231007417,14967,7
472,20231007416,14972,2
473,20231007415,14959,9
474,20231007414,14941,1
475,20231007413,14963,3
476,20231007412,14943,3
477,20231007411,14943,3
478,20231007390,14826,6
479,20231007389,14832,2
480,20231007398,14916,6
481,20231007397,14881,1
482,20231007396,14889,9
483,20231007395,14856,6
484,20231007384,14792,2
485,20231007383,14825,5
486,20231007382,14918,8
487,20231007401,14921,1
488,20231007400,14921,1
489,20231007399,14928,8
490,20231007408,14943,3
491,20231007407,14943,3
492,20231007406,14926,6
493,20231007405,14913,3
494,20231007374,14878,8
495,20231007373,14858,8
496,20231007372,14889,9
497,20231007371,14903,3
498,20231007370,14921,1
499,20231007369,14943,3
500,20231007378,14794,4
501,20231007377,14802,2
502,20231007376,14822,2
503,20231007375,14852,2
504,20231007364,15032,2
505,20231007363,15029,9
506,20231007362,15002,2
507,20231007361,14981,1
508,20231007360,14998,8
509,20231007359,14995,5
510,20231007368,14963,3
511,20231007367,14990,0
512,20231007366,14984,4
513,20231007365,15006,6
514,20231007354,14980,0
515,20231007353,14994,4
516,20231007352,14978,8
517,20231007351,14963,3
518,20231007350,14958,8
519,20231007349,14957,7
520,20231007358,14991,1
521,20231007357,14981,1
522,20231007356,14961,1
523,20231007355,14983,3
524,20231007344,14972,2
525,20231007343,14943,3
526,20231007342,14956,6
527,20231007341,14933,3
528,20231007340,14924,4
529,20231007339,14939,9
530,20231007348,14969,9
531,20231007347,14994,4
532,20231007346,14972,2
533,20231007345,14992,2
534,20231007334,14884,4
535,20231007333,14900,0
536,20231007332,14910,0
537,20231007331,14902,2
538,20231007330,14886,6
539,20231007329,14894,4
540,20231007338,14912,2
541,20231007337,14914,4
542,20231007336,14892,2
543,20231007335,14883,4
544,20231007324,14867,7
545,20231007323,14854,4
546,20231007322,14875,5
547,20231007321,14872,2
548,20231007320,14889,9
549,20231007319,14853,3
550,20231007328,14879,9
551,20231007327,14843,3
552,20231007326,14841,1
553,20231007325,14844,4
554,20231007324,14867,7
555,20231007313,14872,2
556,20231007312,14896,6
557,20231007311,14889,9
558,20231007310,14852,2
559,20231007309,14864,4
560,20231007318,14889,9
561,20231007317,14919,9
562,20231007316,14906,6
563,20231007315,14887,7
564,20231007314,14873,3
565,20231007313,14872,2
566,20231007312,14896,6
567,20231007311,14889,9
568,20231007310,14852,2
569,20231007309,14864,4
570,20231007318,14889,9
571,20231007317,14919,9
572,20231007306,14901,1
573,20231007305,14903,3
574,20231007304,14897,1
575,20231007293,14862,2
576,20231007292,14861,1
577,20231007291,14873,3
578,20231007290,14866,6
579,20231007289,14842,2
580,20231007298,14886,6
581,20231007297,14852,2
582,20231007296,14852,2
583,20231007295,14874,4
584,20231007294,14871,1
585,20231007293,14862,3
586,20231007282,14877,7
587,20231007281,14864,4
588,20231007280,14896,6
589,20231007279,14904,4
590,20231007288,14864,4
591,20231007287,14854,4
592,20231007286,14886,6
593,20231007285,14903,3
594,20231007284,14913,3
595,20231007283,14893,3
596,20231007282,14877,7
597,20231007281,14864,4
598,20231007280,14896,6
599,20231007279,14904,4
600,20231007288,14864,4
601,20231007277,14901,1
602,20231007276,14921,1
603,20231007275,14911,1
604,20231007274,14922,2
605,20231007273,14922,2
606,20231007272,14903,3
607,20231007271,14913,3
608,20231007270,14938,8
609,20231007269,14941,1
610,20231007278,14927,7
611,20231007277,14901,1
612,20231007276,14921,1
613,20231007275,14911,1
614,20231007254,14942,2
615,20231007253,14958,8
616,20231007252,14993,3
617,20231007261,14981,1
618,20231007260,14969,9
619,20231007259,14949,9
620,20231007268,14939,9
621,20231007267,14944,4
622,20231007266,14934,4
623,20231007265,14936,6
624,20231007264,14963,3
625,20231007263,14976,6
626,20231007262,14993,3
627,20231007261,14981,1
628,20231007260,14969,9
629,20231007259,14949,9
630,20231007248,14881,1
631,20231007247,14882,2
632,20231007246,14877,7
633,20231007245,14870,0
634,20231007244,14882,2
635,20231007243,14876,6
636,20231007232,14822,2
637,20231007231,14842,2
638,20231007230,14841,1
639,20231007229,14832,2
640,20231007238,14766,6
641,20231007237,14758,8
642,20231007236,14772,2
643,20231007235,14771,1
644,20231007224,14770,0
645,20231007223,14788,8
646,20231007222,14794,4
647,20231007221,14822,2
648,20231007220,14826,6
649,20231007219,14836,6
650,20231007228,14837,7
651,20231007227,14802,2
652,20231007226,14788,8
653,20231007225,14762,2
654,20231007214,14816,6
655,20231007213,14789,9
656,20231007212,14794,4
657,20231007211,14813,3
658,20231007210,14790,0
659,20231007209,14786,6
660,20231007218,14818,8
661,20231007217,14793,3
662,20231007216,14816,6
663,20231007215,14792,2
664,20231007204,14723,3
665,20231007203,14698,8
666,20231007202,14717,7
667,20231007201,14732,2
668,20231007200,14759,9
669,20231007199,14763,3
670,20231007208,14799,9
671,20231007207,14773,3
672,20231007206,14759,9
673,20231007205,14739,9
674,20231007194,14743,3
675,20231007193,14754,4
676,20231007192,14757,7
677,20231007191,14776,6
678,20231007190,14740,0
679,20231007189,14751,1
680,20231007198,14758,8
681,20231007197,14734,4
682,20231007196,14756,6
683,20231007195,14766,6
684,20231007184,14761,1
685,20231007183,14738,8
686,20231007182,14727,7
687,20231007181,14691,1
688,20231007180,14686,6
689,20231007179,14708,8
690,20231007188,14757,7
691,20231007187,14761,1
692,20231007186,14788,8
693,20231007185,14766,6
694,20231007184,14761,1
695,20231007183,14738,8
696,20231007172,14706,6
697,20231007171,14696,6
698,20231007170,14677,7
699,20231007169,14702,2
700,20231007178,14713,3
701,20231007177,14719,9
702,20231007176,14729,9
703,20231007175,14702,2
704,20231007174,14718,8
705,20231007163,14739,9
706,20231007162,14729,9
707,20231007161,14721,1
708,20231007160,14729,9
709,20231007159,14706,6
710,20231007168,14696,6
711,20231007167,14707,7
712,20231007166,14684,4
713,20231007165,14713,0
714,20231007154,14702,2
715,20231007153,14717,7
716,20231007152,14734,4
717,20231007151,14738,8
718,20231007150,14718,8
719,20231007149,14681,1
720,20231007158,14702,2
721,20231007157,14688,8
722,20231007156,14693,3
723,20231007155,14690,0
724,20231007144,14726,6
725,20231007143,14726,6
726,20231007142,14736,6
727,20231007141,14746,6
728,20231007140,14772,2
729,20231007139,14756,6
730,20231007148,14700,0
731,20231007147,14719,9
732,20231007146,14711,1
733,20231007145,14730,0
734,20231007144,14726,6
735,20231007143,14726,6
736,20231007142,14736,6
737,20231007141,14746,6
738,20231007140,14704,4
739,20231007129,14716,6
740,20231007138,14750,0
741,20231007137,14766,6
742,20231007136,14759,9
743,20231007135,14722,2
744,20231007124,14704,4
745,20231007123,14728,8
746,20231007122,14717,7
747,20231007121,14739,9
748,20231007120,14761,1
749,20231007119,14767,7
750,20231007128,14711,1
751,20231007127,14704,4
752,20231007126,14701,1
753,20231007125,14688,7
754,20231007114,14757,7
755,20231007113,14784,4
756,20231007112,14796,6
757,20231007111,14803,3
758,20231007110,14824,4
759,20231007109,14826,6
760,20231007118,14738,8
761,20231007117,14754,4
762,20231007116,14754,4
763,20231007115,14787,7
764,20231007114,14757,7
765,20231007113,14784,4
766,20231007112,14796,6
767,20231007111,14803,3
768,20231007110,14824,4
769,20231007099,14734,4
770,20231007108,14794,4
771,20231007107,14773,3
772,20231007106,14748,8
773,20231007105,14746,6
774,20231007104,14733,3
775,20231007103,14721,1
776,20231007102,14747,7
777,20231007101,14727,7
778,20231007100,14703,3
779,20231007099,14734,4
780,20231007098,14756,6
781,20231007097,14751,1
782,20231007096,14778,8
783,20231007095,14794,4
784,20231007084,14788,8
785,20231007083,14801,1
786,20231007082,14808,8
787,20231007081,14828,8
788,20231007080,14843,3
789,20231007079,14839,9
790,20231007088,14811,1
791,20231007087,14805,5
792,20231007086,14804,4
793,20231007085,14803,3
794,20231007074,14824,4
795,20231007073,14826,6
796,20231007072,14826,6
797,20231007071,14806,6
798,20231007070,14808,8
799,20231007069,14829,9
800,20231007078,14848,8
801,20231007077,14824,4
802,20231007076,14847,7
803,20231007075,14859,9
804,20231007074,14824,4
805,20231007073,14826,6
806,20231007072,14826,6
807,20231007071,14806,6
808,20231007070,14808,8
809,20231007069,14829,9
810,20231007078,14848,8
811,20231007077,14824,4
812,20231007076,14847,7
813,20231007075,14859,9
814,20231007054,14863,3
815,20231007053,14833,3
816,20231007052,14864,4
817,20231007051,14861,1
818,20231007050,14871,1
819,20231007049,14893,3
820,20231007068,14850,0
821,20231007067,14867,7
822,20231007066,14831,1
823,20231007065,14822,2
824,20231007064,14836,6
825,20231007043,14982,2
826,20231007042,14996,6
827,20231007041,14964,4
828,20231007040,14946,6
829,20231007039,14919,9
830,20231007048,14906,6
831,20231007047,14928,8
832,20231007046,14911,1
833,20231007045,14938,8
834,20231007044,14964,4
835,20231007043,14982,2
836,20231007042,14996,6
837,20231007031,14949,9
838,20231007030,14943,3
839,20231007029,14928,8
840,20231007038,14928,8
841,20231007037,14904,4
842,20231007036,14891,1
843,20231007035,14905,8
844,20231007024,14967,7
845,20231007023,14988,8
846,20231007022,14976,6
847,20231007021,14958,8
848,20231007020,14939,9
849,20231007019,14967,7
850,20231007028,14931,1
851,20231007027,14957,7
852,20231007026,14948,8
853,20231007025,14978,8
854,20231007014,14993,3
855,20231007013,14985,5
856,20231007012,14993,3
857,20231007011,14978,8
858,20231007010,14959,9
859,20231007009,14925,5
860,20231007018,14983,3
861,20231007017,14973,3
862,20231007016,15003,3
863,20231007015,15024,4
864,20231007014,14993,3
865,20231007003,14959,9
866,20231007002,14981,1
867,20231007001,14979,9
868,20231006480,15287,7
869,20231006479,15318,8
870,20231007008,14913,3
871,20231007007,14935,5
872,20231007006,14942,2
873,20231007005,14946,6
874,20231006474,15277,7
875,20231006473,15243,3
876,20231006472,15227,7
877,20231006471,15197,7
878,20231006470,15161,1
879,20231006469,15161,1
880,20231006478,15307,7
881,20231006477,15328,8
882,20231006476,15309,9
883,20231006475,15282,2
884,20231006474,15277,4
885,20231006463,15149,9
886,20231006462,15121,1
887,20231006461,15139,9
888,20231006460,15158,8
889,20231006459,15146,6
890,20231006468,15179,9
891,20231006467,15146,6
892,20231006466,15144,4
893,20231006465,15139,9
894,20231006454,15156,6
895,20231006453,15183,3
896,20231006452,15208,8
897,20231006451,15188,8
898,20231006450,15176,6
899,20231006449,15197,7
900,20231006458,15121,1
901,20231006457,15134,4
902,20231006456,15129,9
903,20231006455,15147,7
904,20231006454,15156,6
905,20231006453,15183,3
906,20231006452,15208,8
907,20231006451,15188,8
908,20231006450,15176,6
909,20231006449,15197,7
910,20231006458,15121,1
911,20231006457,15134,4
912,20231006456,15129,9
913,20231006455,15147,7
914,20231006454,15156,6
915,20231006453,15183,3
916,20231006452,15208,8
917,20231006451,15188,8
918,20231006450,15176,6
919,20231006429,15286,6
920,20231006448,15184,4
921,20231006447,15189,9
922,20231006446,15211,1
923,20231006445,15193,3
924,20231006444,15199,7
925,20231006423,15230,0
926,20231006422,15246,6
927,20231006421,15237,7
928,20231006420,15243,3
929,20231006419,15252,2
930,20231006428,15279,9
931,20231006427,15241,1
932,20231006426,15243,3
933,20231006425,15226,2
934,20231006414,15289,9
935,20231006413,15314,4
936,20231006412,15285,5
937,20231006411,15299,9
938,20231006410,15280,0
939,20231006409,15299,9
940,20231006418,15267,7
941,20231006417,15262,2
942,20231006416,15242,2
943,20231006415,15252,2
944,20231006404,15278,8
945,20231006403,15273,3
946,20231006402,15283,3
947,20231006401,15264,4
948,20231006400,15246,6
949,20231006399,15273,3
950,20231006408,15284,4
951,20231006407,15259,9
952,20231006406,15259,9
953,20231006405,15252,2
954,20231006394,15268,8
955,20231006393,15233,3
956,20231006392,15217,7
957,20231006391,15203,3
958,20231006390,15227,7
959,20231006389,15197,7
960,20231006398,15262,2
961,20231006397,15272,2
962,20231006396,15240,0
963,20231006395,15232,2
964,20231006394,15268,8
965,20231006393,15233,3
966,20231006392,15217,7
967,20231006391,15203,3
968,20231006390,15227,7
969,20231006379,15217,7
970,20231006388,15228,8
971,20231006387,15203,3
972,20231006386,15199,9
973,20231006385,15223,3
974,20231006374,15253,3
975,20231006373,15244,4
976,20231006372,15231,1
977,20231006371,15221,1
978,20231006370,15229,9
979,20231006369,15254,4
980,20231006378,15193,3
981,20231006377,15214,4
982,20231006376,15236,6
983,20231006375,15255,5
984,20231006374,15253,3
985,20231006373,15244,4
986,20231006372,15231,1
987,20231006371,15221,1
988,20231006370,15229,9
989,20231006369,15254,4
990,20231006368,15226,6
991,20231006367,15207,7
992,20231006366,15214,4
993,20231006365,15198,8
994,20231006364,15166,6
995,20231006353,15186,6
996,20231006352,15167,7
997,20231006351,15179,9
998,20231006350,15195,5
999,20231006349,15184,4
1000,20231006358,15141,1
1001,20231006357,15120,0
1002,20231006356,15130,0
1003,20231006355,15141,1
1004,20231006354,15163,3
1005,20231006353,15186,6
1006,20231006342,15172,2
1007,20231006341,15186,6
1008,20231006340,15166,6
1009,20231006339,15161,1
1010,20231006348,15219,9
1011,20231006347,15223,3
1012,20231006346,15206,6
1013,20231006345,15188,8
1014,20231006344,15167,7
1015,20231006343,15181,1
1016,20231006342,15172,2
1017,20231006341,15229,9
1018,20231006330,15255,5
1019,20231006329,15251,1
1020,20231006338,15189,9
1021,20231006337,15212,2
1022,20231006336,15217,7
1023,20231006335,15186,6
1024,20231006334,15184,4
1025,20231006333,15189,9
1026,20231006332,15219,9
1027,20231006331,15229,9
1028,20231006330,15216,6
1029,20231006319,15198,8
1030,20231006328,15273,3
1031,20231006327,15269,9
1032,20231006326,15239,9
1033,20231006325,15207,7
1034,20231006324,15180,0
1035,20231006323,15191,1
1036,20231006322,15152,2
1037,20231006311,15161,1
1038,20231006310,15162,2
1039,20231006309,15155,5
1040,20231006318,15226,6
1041,20231006317,15191,1
1042,20231006316,15171,1
1043,20231006315,15156,6
1044,20231006314,15168,8
1045,20231006303,15189,9
1046,20231006302,15207,7
1047,20231006301,15188,8
1048,20231006300,15202,2
1049,20231006299,15238,8
1050,20231006308,15147,7
1051,20231006307,15138,8
1052,20231006306,15162,2
1053,20231006305,15151,1
1054,20231006304,15170,0
1055,20231006303,15189,9
1056,20231006302,15179,9
1057,20231006291,15199,9
1058,20231006290,15187,7
1059,20231006289,15191,1
1060,20231006298,15203,3
1061,20231006297,15207,7
1062,20231006296,15178,8
1063,20231006295,15197,7
1064,20231006294,15183,3
1065,20231006293,15181,1
1066,20231006292,15179,9
1067,20231006291,15199,9
1068,20231006290,15187,7
1069,20231006289,15191,1
1070,20231006298,15203,3
1071,20231006297,15207,7
1072,20231006286,15166,6
1073,20231006285,15131,1
1074,20231006284,15117,7
1075,20231006273,15088,8
1076,20231006272,15059,9
1077,20231006271,15069,9
1078,20231006270,15099,9
1079,20231006269,15112,2
1080,20231006278,15163,3
1081,20231006277,15131,1
1082,20231006276,15138,8
1083,20231006275,15126,6
1084,20231006274,15048,8
1085,20231006263,15073,3
1086,20231006262,15046,6
1087,20231006261,15064,4
1088,20231006260,15054,4
1089,20231006259,15053,3
1090,20231006268,15085,5
1091,20231006267,15098,8
1092,20231006266,15064,4
1093,20231006265,15055,5
1094,20231006264,15048,8
1095,20231006263,15073,3
1096,20231006262,15046,6
1097,20231006261,15064,4
1098,20231006260,15007,7
1099,20231006249,14986,6
1100,20231006258,15053,3
1101,20231006257,15035,5
1102,20231006256,15023,3
1103,20231006255,15019,9
1104,20231006254,14983,3
1105,20231006253,14981,1
1106,20231006252,15014,4
1107,20231006251,14992,2
1108,20231006250,15007,7
1109,20231006249,14986,6
1110,20231006258,15053,3
1111,20231006257,15035,7
1112,20231006246,14976,6
1113,20231006245,15003,3
1114,20231006234,14994,4
1115,20231006233,14997,7
1116,20231006232,14969,9
1117,20231006231,14972,2
1118,20231006230,14953,3
1119,20231006229,14969,9
1120,20231006238,15004,4
1121,20231006237,15001,1
1122,20231006236,15003,3
1123,20231006235,15017,7
1124,20231006234,14994,2
1125,20231006223,14975,5
1126,20231006222,14986,6
1127,20231006221,14994,4
1128,20231006220,14989,9
1129,20231006219,14997,7
1130,20231006228,14973,3
1131,20231006227,14998,8
1132,20231006226,15007,7
1133,20231006225,14991,1
1134,20231006224,14913,3
1135,20231006213,14916,6
1136,20231006212,14911,1
1137,20231006211,14898,8
1138,20231006210,14908,8
1139,20231006209,14931,1
1140,20231006218,14982,2
1141,20231006217,14966,6
1142,20231006216,14931,1
1143,20231006215,14915,5
1144,20231006204,14949,9
1145,20231006203,14914,4
1146,20231006202,14916,6
1147,20231006201,14908,8
1148,20231006200,14925,5
1149,20231006199,14927,7
1150,20231006208,14929,9
1151,20231006207,14951,1
1152,20231006206,14933,3
1153,20231006205,14945,5
1154,20231006194,14891,1
1155,20231006193,14897,7
1156,20231006192,14885,5
1157,20231006191,14887,7
1158,20231006190,14857,7
1159,20231006189,14877,7
1160,20231006198,14898,8
1161,20231006197,14929,9
1162,20231006196,14891,1
1163,20231006195,14907,7
1164,20231006194,14852,2
1165,20231006183,14867,7
1166,20231006182,14848,8
1167,20231006181,14829,9
1168,20231006180,14829,9
1169,20231006179,14823,3
1170,20231006188,14845,5
1171,20231006187,14857,7
1172,20231006186,14849,9
1173,20231006185,14836,6
1174,20231006184,14878,8
1175,20231006173,14893,3
1176,20231006172,14871,1
1177,20231006171,14869,9
1178,20231006170,14876,6
1179,20231006169,14881,1
1180,20231006178,14847,7
1181,20231006177,14859,9
1182,20231006176,14858,8
1183,20231006175,14853,3
1184,20231006174,14878,8
1185,20231006173,14893,3
1186,20231006172,14902,2
1187,20231006161,14901,1
1188,20231006160,14912,2
1189,20231006159,14896,6
1190,20231006168,14883,3
1191,20231006167,14866,6
1192,20231006166,14863,3
1193,20231006165,14897,7
1194,20231006154,14894,4
1195,20231006153,14898,8
1196,20231006152,14863,3
1197,20231006151,14844,4
1198,20231006150,14831,1
1199,20231006149,14817,7
1200,20231006158,14862,2
1201,20231006157,14890,0
1202,20231006156,14900,0
1203,20231006155,14917,7
1204,20231006144,14764,4
1205,20231006143,14767,7
1206,20231006142,14773,3
1207,20231006141,14791,1
1208,20231006140,14791,1
1209,20231006139,14783,3
1210,20231006148,14781,1
1211,20231006147,14784,4
1212,20231006146,14803,3
1213,20231006145,14776,6
1214,20231006144,14764,4
1215,20231006143,14825,5
1216,20231006132,14819,9
1217,20231006131,14784,4
1218,20231006130,14799,9
1219,20231006129,14782,2
1220,20231006138,14784,4
1221,20231006137,14797,7
1222,20231006136,14804,4
1223,20231006135,14804,4
1224,20231006134,14801,1
1225,20231006133,14825,5
1226,20231006132,14819,9
1227,20231006131,14784,4
1228,20231006120,14727,7
1229,20231006119,14696,6
1230,20231006128,14774,4
1231,20231006127,14774,4
1232,20231006126,14778,8
1233,20231006125,14771,2
1234,20231006114,14676,6
1235,20231006113,14686,6
1236,20231006112,14663,3
1237,20231006111,14679,9
1238,20231006110,14656,6
1239,20231006109,14662,2
